"LABEL_ABANDON_MATCH","ABANDON MATCH","放弃比赛","BRECHE SPIEL AB","ABANDONAR PARTIDA","ABANDONNER LE MATCH","対戦を放棄","PORZUĆ MECZ","НЕДОСТУПНЫЙ МАТЧ"
"LABEL_ACTION_POINTS","ACTION POINTS","行动点","AKTIONSPUNKTE","PUNTOS DE ACCIÓN","POINTS D'ACTION","アクションポイント","PUNKTY AKCJI","ОЧКОВ ДЕЙСТВИЯ"
"LABEL_ACTION_SLOTS","ACTION SLOTS","行动时段","ACTION SLOTS","RANURAS DE ACCIÓN","ACTION SLOTS","アクションスロット","SLOTY AKCJI","ДОСТУПНЫХ СЛОТОВ"
"LABEL_AI_SPEED","AI SPEED","AI速度","AI SPEED","VELOCIDAD IA","VITESSE IA","AI SPEED","SZYBKOŚĆ AI","AI SPEED"
"LABEL_ATTACK","ATTACK","攻击","ATTACK","ATAQUE","ATTAQUE","攻撃","ATAK","АТАКА"
"LABEL_AUTO_FOLLOW","CAMERA AUTO FOLLOW","镜头自动跟踪","KAMERA FOLGT AUTOMATISCH","SEGUIMIENTO AUTOMÁTICO CÁMARA","SUIVI AUTO CAMÉRA","カメラ自動追尾","AUT. ŚLEDZ. KAMERY","АВТОНАВЕДЕНИЕ КАМЕРЫ"
"LABEL_BACK","BACK","后退","ZURÜCK","ATRÁS","RETOUR","戻る","COFNIJ","НАЗАД"
"LABEL_BACK_TO_MENU","OPEN MAIN MENU","打开主菜单","HAUPTMENU ÖFFNEN","ABRIR MENÚ PRINCIPAL","MENU PRINCIPAL","メインメニューを開く","OTWÓRZ MENU GŁÓWNE","ОТКРЫТЬ ГЛАВНОЕ МЕНЮ"
"LABEL_BIGGER","BIGGER","放大","GRÖSSER","MAYOR","+ GROS","大きく","BLIŻEJ","ДАЛЬШЕ"
"LABEL_BLUE","BLUE","蓝队","BLAU","AZUL","BLEU","ブルー","NIEBIESKA","СИНИЙ"
"LABEL_BLUE_TEAM","BLUE TEAM","蓝方军团","TEAM BLAU","EQUIPO AZUL","ÉQUIPE BLEUE","ブルーチーム","ARMIA NIEBIESKA","СИНИЯ КОМАНДА"
"LABEL_BLUE_TEAM_TURN","BLUE TEAM TURN","蓝队回合","BLUE TEAM TURN","TURNO EQUIPO AZUL","TOUR ÉQUIPE BLEUE","BLUE TEAM TURN","TURA ARMII NIEBIESKIEJ","BLUE TEAM TURN"
"LABEL_BLUE_WINS","BLUE WINS","蓝队获胜","SIEGE BLAU","AZUL GANA","LES BLEUS GAGNENT","ブルーの勝ち","ZWYCIĘŻYLI NIEBIESCY","СИНИЕ ПОБЕДИЛИ"
"LABEL_BUILDING","BUILDING","建筑物","GEBÄUDE","EDIFICIO","BÂTIMENT","建物","BUDYNEK","ЗДАНИЕ"
"LABEL_BUILDING_AIRPORT","AIRPORT","机场","FLUGHAFEN","AEROPUERTO","AÉROPORT","空港","LOTNISKO","АЭРОПОРТ"
"LABEL_BUILDING_BARRACKS","BARRACKS","兵营","KASERNEN","BARRACON","CASERNE","兵舎","KOSZARY","КАЗАРМА"
"LABEL_BUILDING_FACTORY","FACTORY","工厂","FABRIK","FÁBRICA","USINE","工場","FABRYKA","ЗАВОД"
"LABEL_BUILDING_GSM_TOWER","GSM TOWER","通信塔","GSM TOWER","T. GSM","TOUR GSM","GSM タワー","WIEŻA RTV","РАДИОВЫШКА"
"LABEL_BUILDING_HQ","HQ","总部","HQ","CG","QG","司令部","CENTRALA","ШК"
"LABEL_CAMERA_MOVE_TO_BUNKER","MOVE CAMERA TO HQ","镜头移回总部","MOVE CAMERA TO HQ","MOVER CÁMARA CG","DÉP. CAMÉRA SUR QG","MOVE CAMERA TO HQ","RUSZAJ KAMERA DO HQ","MOVE CAMERA TO HQ"
"LABEL_CAMERA_SHAKE","CAMERA SHAKE","镜头抖动","KAMERA SCHÜTTELN","SACUDIR CÁMARA","SECOUSSES CAMÉRA","手振れ","WSTRZĄSY KAMERY","ТРЯСКА КАМЕРЫ"
"LABEL_CAMERA_SPEED","CAMERA SPEED","镜头速度","CAMERA SPEED","VELOCIDAD CÁMARA","VITESSE CAMÉRA","CAMERA SPEED","SZYBKOŚĆ KAMERY","CAMERA SPEED"
"LABEL_CAMPAIGN","CAMPAIGN","远征","KAMPAGNE","CAMPAÑA","CAMPAGNE","遠征","KAMPANIA","КАМПАНИЯ"
"LABEL_CANCEL","Cancel","取消","Abbrechen","Cancelar","Annuler","キャンセル","Anuluj","Назад"
"LABEL_CLEAR","CLEAR","清除","LÖSCHEN","LIMPIAR","EFFACER","クリア","WYCZYŚĆ","СТЕРЕТЬ"
"LABEL_CLEAR_SLOT","CLEAR GAME SLOT","清除游戏房间","SPIEL EINTRAG LÖSCHEN","LIMPIAR RANURA DEL JUEGO","LIBÉRER EMPLACEMENTS","ゲームスロットをクリア","WYCZYŚĆ SLOT","СТЕРЕТЬ СЛОТ"
"LABEL_COMPLETED","COMPLETED","完成","ABGESCHLOSSEN","TERMINADO","TERMINÉE(S)","完了","ZAKOŃCZONE","ПРОЙДЕНО"
"LABEL_CONFIRM","CONFIRM","确认","BESTÄTIGEN","CONFIRMAR","CONFIRMER","確認","POTWIERDŹ","ПОДТВЕРДИТЬ"
"LABEL_CPU","CPU","CPU","CPU","CPU","ORDI","CPU","KOMPUTER","БОТ"
"LABEL_CPU_TURN","CPU TURN","CPU 回合","CPU ZUG","TURNO CPU","TOUR DE L'ORDI","CPU の順番","TURA PRZECIWNIKA","ХОД КОМПЬЮТЕРА"
"LABEL_CREATE","CREATE","创建","ERSTELLEN","CREAR","CRÉER","作成","UTWÓRZ","СОЗДАТЬ"
"LABEL_CREATE_MATCH","CREATE MATCH","创建比赛","SPIEL ERSTELLEN","CREAR PARTIDA","CRÉER UN MATCH","対戦を作成","UTWÓRZ MECZ","СОЗДАТЬ МАТЧ"
"LABEL_CURRENT_MAP","CURRENT MAP","当前地图","CURRENT MAP","MAPA ACTUAL","CARTE ACTUELLE","CURRENT MAP","AKTUALNA MAPA","CURRENT MAP"
"LABEL_CURRENT_TEAM","CURRENT TEAM","当前队伍","CURRENT TEAM","EQUIPO ACTUAL","ÉQUIPE ACTUELLE","CURRENT TEAM","AKTUALNA ARMIA","CURRENT TEAM"
"LABEL_DELETE_MODE","DELETE","删除","ZERSTÖREN","BORRAR","SUPPRIMER","削除","USUWANIE","УДАЛИТЬ"
"LABEL_DEPLOY","DEPLOY","部署","HERSTELLEN","DESPLIEGUE","DÉPLOYER","配備","ROZLOKUJ","ПОСТАВИТЬ"
"LABEL_DEPLOYED","DEPLOYED","部署","GEBAUT","DESPLEGADO","DÉPLOYÉ","配備済","JEDNOSTKI","СДЕЛАНО"
"LABEL_DEPLOY_PRICE","DEPLOY PRICE","部署价格","HERSTELLUNGSPREIS","PRECIO DESPLIEGUE","PRIX","配備価格","KOSZT","СТОИМОСТЬ"
"LABEL_DEPLOY_UNIT","BUY NEW UNIT","购买新单位","KAUFE NEUE EINHEIT","COMPRAR NUEVA UNIDAD","ACH. NOUV. UNITÉ","新しい部隊を購入","KUP JEDNOSTKĘ","КУПИТЬ НОВЫЙ ЮНИТ"
"LABEL_DIFFICULTY","DIFFICULTY","难度","SCHWIERIGKEIT","DIFICULTAD","DIFFICULTÉ","難度","POZIOM TRUDNOŚCI","СЛОЖНОСТЬ"
"LABEL_DOMINATION","DOMINATION","占领","HERRSCHAFT","DOMINACIÓN","DOMINATION","制覇","DOMINACJA","ДОМИНИРОВАНИЕ"
"LABEL_DONE","Done","完成","Erledigt","Hecho","Terminé","完了","Zakończ","Готово"
"LABEL_DOWNLOAD","Download","下载","Download","Descargar","Télécharger","ダウンロード","Pobierz","Загрузить"
"LABEL_DOWNLOAD_MAP","Download Map","下载地图","Download Karte","Descargar mapa","Envoyer une carte","マップをダウンロード","Pobierz mapę","Загрузить карту"
"LABEL_EASY","EASY","简单","EINFACH","FÁCIL","FACILE","簡単","ŁATWY","ЛЕГКО"
"LABEL_ELIMINATED","ELIMINATED","消灭","ZERSTÖRT","ELIMINADO","ÉLIMINÉ","消滅","WYELIMINOWANE","УБИТО"
"LABEL_END","END","结束","BEENDE","FIN","FIN","終了","KONIEC","ЗАКОНЧИТЬ"
"LABEL_END_TURN","END YOUR TURN","结束我的回合","BEENDE DEINE RUNDE","FIN TURNO","FIN DU TOUR","あなたの順番の終了","ZAKOŃCZ TURĘ","ЗАКОНЧИТЬ СВОЙ ХОД"
"LABEL_ENEMY_TURN","OPPONENT TURN","对手回合","GEGNERISCHER ZUG","TURNO DEL OPONENTE","TOUR DE L'ADVERSAIRE","相手の順番","TURA PRZECIWNIKA","ХОД СОПЕРНИКА"
"LABEL_FAILURE","OPERATION FAILURE","操作失败","OPERATION FEHLGESCHLAGEN","OPERACIÓN FALLIDA","ÉCHEC DE L'OPÉRATION","操作に失敗しました","OPERACJA NIEUDANA","ОШИБКА"
"LABEL_FALL","FALL","秋季","HERBST","OTOÑO","AUTOMNE","秋","JESIEŃ","ОСЕНЬ"
"LABEL_FORFEIT","FORFEIT","放弃","NIEDERLAGE","PERDER","FORFAIT","没収","PORZUĆ","ШТРАФ"
"LABEL_FULL_SCREEN","FULL SCREEN","全屏","VOLLBILDSCHIRM","PANTALLA COMPLETA","PLEIN ÉCRAN","全画面","PEŁNY EKRAN","ПОЛНОЭКРАННЫЙ РЕЖИМ"
"LABEL_GAME","GAME","游戏","SPIEL","JUEGO","JEU","ゲーム","GRA","ИГРА"
"LABEL_GAMEPAD_INFO","GAMEPAD INFO","游戏手柄说明","GAMEPAD INFO","INFO GAMEPAD","INFO MANETTE","ゲームパッド情報","KONTROLER","ИНФОРМАЦИЯ О КОНСОЛИ"
"LABEL_GAME_MENU_MOVEMENT","NAVIGATE MENU","菜单导航","Menü Navigation","MENÚ DE NAVEGACIÓN","NAVIGATION MENU","ナビゲートメニュー","PORUSZANIE PO MENU","НАЙТИ МЕНЮ"
"LABEL_GAME_OVER","GAME OVER","游戏结束","SPIELENDE","FIN DEL JUEGO","FIN DE PARTIE","ゲームオーバー","KONIEC GRY","КОНЕЦ ПАРТИИ"
"LABEL_GAME_TIME","GAME TIME","游戏时间","SPIELZEIT","TIEMPO DE JUEGO","TEMPS DE JEU","ゲーム時間","CZAS GRY","ВРЕМЯ ИГРЫ"
"LABEL_GFX","GFX","画面","GFX","GFX","GRAPH.","GFX","GFX","GFX"
"LABEL_GOT_IT","Got it!","知道了！","Habe es!","¡Lo tengo!","Réussi !","やりました!","OK!","Понял!"
"LABEL_HEALTH","HEALTH","健康值","GESUNDHEIT","SALUD","VIE","兵力","ZDROWIE","ЗДОРОВЬЯ"
"LABEL_HEALTH_MAX","HEALTH / MAX","健康值/最大值","GESUNDHEIT / MAX","SALUD / MÁX","VIE / MAX","兵力 / 最大","ZDROWIE / MAKSYMALNE","ЗДОРОВЬЯ / МАКСИМАЛЬНО"
"LABEL_HELP","HELP","帮助","HELP","AYUDA","AIDE","ヘルプ","POMOC","ПОМОЩЬ"
"LABEL_HUMAN","HUMAN","人类","MENSCH","HUMANO","HUMAIN","人","CZŁOWIEK","ЧЕЛОВЕК"
"LABEL_INFANTRY","INFANTRY","步兵","INFANTERIE","SOLDADO","INFANTERIE","歩兵","PIECHOTA","ПЕХОТА"
"LABEL_INVALID_MATCH","INVALID MATCH","无效比赛","UNGÜLTIGES SPIEL","PARTIDA INVÁLIDA","MATCH INVALIDE","無効な対戦","NIEPRAWIDŁOWY MECZ","НЕСУЩЕСТВУЮЩИЙ МАТЧ"
"LABEL_JOIN","JOIN","加入","BEITRETEN","UNIRSE","REJOINDRE","参加","DOŁĄCZ","ВОЙТИ"
"LABEL_JOIN_MATCH","JOIN A MATCH","加入一场比赛","EINEM SPIEL BEITRETEN","UNIRSE A UNA PARTIDA","REJOINDRE UN MATCH","対戦に参加","DOŁĄCZ DO MECZU","ПРИСОЕДИНИТЬСЯ НА МАТЧ"
"LABEL_LANGUAGE","LANGUAGE","语言","SPRACHE","IDIOMA","LANGUE","言語","JĘZYK","ЯЗЫК"
"LABEL_LATER","Maybe later","以后再说","Vielleicht später","Quiza más tarde","Plus tard...","たぶん後で","Może później","Может быть позже"
"LABEL_LOADING_MATCH","LOADING MATCH","正在加载比赛","LADE SPIEL","CARGANDO PARTIDA","CHARGEMENT DU MATCH","対戦のロード中","WCZYTYWANIE MECZU","ЗАГРУЗКА МАТЧА"
"LABEL_LOCAL","LOCAL","本地","LOKAL","LOCAL","LOCAL","ローカル","LOKALNE","ЛОКАЛЬНЫЙ"
"LABEL_MAIN_MENU","MAIN MENU","主菜单","HAUPTMENU","MENÚ PRINCIPAL","MENU","メインメニュー","MENU GŁÓWNE","ГЛАВНОЕ МЕНЮ"
"LABEL_MAP EDITOR","MAP EDITOR","地图编辑器","KARTEN EDITOR","EDITOR MAPA","ÉDITEUR","マップエディター","EDYTOR MAP","РЕДАКТОР КАРТ"
"LABEL_MAPS","MAPS","地图","KARTEN","MAPAS","CARTE","マップ","MAPY","КАРТ"
"LABEL_MAPS_CREATED","MAPS CREATED","创建地图数","KARTEN ERSTELLT","MAPAS CREADOS","CARTES CRÉÉES","マップを作成しました","STWORZONYCH MAP","СДЕЛАНО КАРТ"
"LABEL_MAP_CODE","MAP: ","地图：","KARTE: ","MAPA: ","CARTE : ","マップ: ","MAPA: ","КАРТА: "
"LABEL_MAP_NAME","MAP NAME","地图名称","KARTENNAME","NOMBRE MAPA","NOM CARTE","マップ名","NAZWA MAPY","НАЗВАНИЕ КАРТЫ"
"LABEL_MAP_TO_UPLOAD","Map to upload","要上传的地图","KARTEN HOCHLADEN","Mapa para subir","Carte à envoyer","アップロードするマップ","Mapa do wysłania","Карта для загрузки"
"LABEL_MATCH_CODE","MATCH CODE: ","比赛代码：","SPIEL CODE: ","CÓDIGO PARTIDA: ","CODE DU MATCH : ","対戦コード: ","KOD MECZU: ","КОД МАТЧА: "
"LABEL_MATCH_ENDED","MATCH ENDED","比赛结束","SPIEL BEENDET","PARTIDA FINALIZADA","FIN DU MATCH","対戦終了","ZAKOŃCZONY","МАТЧ ЗАКОНЧИЛСЯ"
"LABEL_MATCH_FORFEIT","OPPONENT LEFT","对手离开","GEGNER HAT DAS SPIEL VERLASSEN","EL OPONENTE HA ABANDONADO","ADVERSAIRE PARTI","相手の残り","MECZ PORZUCONY","СОПЕРНИК УШЕЛ"
"LABEL_MATCH_IN_PROGRESS","IN PROGRESS","进行中","SPIEL LAUFEND","EN PROGRESO","EN COURS","進行中","ROZPOCZĘTY","В ПРОГРЕССЕ"
"LABEL_MENU","MENU","菜单","MENÜ","MENÚ","MENU","メニュー","MENU","МЕНЮ"
"LABEL_MISSION","MISSION","任务","MISSION","MISIÓN","MISSION","ミッション","MISJA","МИССИЯ"
"LABEL_MISSION_COMPLETED","MISSION COMPLETED","远征通关","MISSION ABGESCHLOSSEN","MISIÓN COMPLETADA","MISSION TERMINÉE","ミッション完了","MISJA ZAKOŃCZONA","МИССИЯ ПРОЙДЕНА"
"LABEL_MOVES","MOVES","移动","ZÜGE","MUEVES","COUPS","移動","RUCHY","ХОДОВ"
"LABEL_MULTIPLAYER","MULTIPLAYER","多人游戏","MEHRSPIELER","MULTIJUGADOR","MULTIJOUEUR","マルチプレイヤー","TRYB WIELOOSOBOWY","МУЛЬТИПЛЕЕР"
"LABEL_MUSIC","MUSIC","音乐","MUSIK","MÚSICA","MUSIQUE","音楽","MUZYKA","МУЗЫКА"
"LABEL_NAME","NAME","名称","NAME","NOMBRE","NOM","名前","IMIĘ","ИМЯ"
"LABEL_NEW_MATCH","NEW MATCH","新比赛","NEUES SPIEL","NUEVA PARTIDA","NOUVEAU MATCH","新しい対戦","NOWY MECZ","НОВЫЙ МАТЧ"
"LABEL_NEW_TURN","NEW TURN","新的回合","NEUE RUNDE","NUEVO TURNO","NOUV. TOUR","新しい順番","NOWA TURA","НОВЫЙ ХОД"
"LABEL_NEXT","NEXT","下一个","WEITER","SIGUIENTE","SUIVANT","次","NASTĘPNY","СЛЕДУЮЩАЯ"
"LABEL_NEXT_TURN","END TURN","结束回合","RUNDE BEENDEN","FINALIZAR TURNO","FINIR TOUR","順番の終了","KONIEC TURY","ЗАКОНЧИТЬ ХОД"
"LABEL_NEXT_TURN_GAIN","NEXT TURN GAIN","下一回合获得","EINNAHMEN NÄCHSTE RUNDE","PRÓX.TURNO GANAS","TOUR SUIVANT","次の順番を手に入れる","ZYSK NA TURĘ","ПРИБЫЛЬ НА СЛЕДУЮЩИЙ ХОД"
"LABEL_NEXT_UNIT","SELECT NEXT UNIT","选取下一个单位","NÄCHSTE EINHEIT WÄHLEN","SELECCIONAR UNIDAD SIGUIENTE","UNITÉ SUIVANTE","次の部隊を選択","NASTĘPNA JEDNOSTKA","СЛЕДУЮЩИЙ ЮНИТ"
"LABEL_NORMAL","NORMAL","普通","NORMAL","NORMAL","NORMAL","通常","NORMALNY","СРЕДНЕ"
"LABEL_NO_MORE_MOVES","NO MOVES LEFT","没有可用的移动次数","NO MOVES LEFT","NO QUEDAN MOVIMIENTOS","PLUS DE DÉPLACEMENTS","NO MOVES LEFT","BRAK RUCHÓW","NO MOVES LEFT"
"LABEL_OFF","OFF","关","AUS","NO","NON","オフ","NIE","ВЫКЛ"
"LABEL_OK","OK","确认","OK","OK","OK","OK","OK","Хорошо"
"LABEL_ON","ON","开","AN","SÍ","OUI","オン","TAK","ВКЛ"
"LABEL_ONLINE","ONLINE","联网模式","ONLINE","EN LÍNEA","ONLINE","オンライン","ONLINE","ОНЛАЙН"
"LABEL_ONLINE_MENU","ONLINE MAPS","在线地图","ONLINE KARTEN","MAPAS ONLINE","CARTES EN LIGNE","オンラインマップ","MAPY ONLINE","ОНЛАЙН КАРТЫ"
"LABEL_OVERSCAN","OVERSCAN","过扫描","OVERSCAN","OVERSCAN","OVERSCAN","オーバースキャン","OVERSCAN","ОВЕРСКАН"
"LABEL_PAGE","PAGE","页面","SEITE","PÁGINA","PAGE","ページ","STRONA","ЛИСТ"
"LABEL_PICK_SIDE","PICK SIDE","选择阵营","SEITE AUSWÄHLEN","ELIGE FACCIÓN","CHOISIR UN CAMP","サイドを選択","WYBIERZ STRONĘ","ВЫБРАТЬ СТОРОНУ"
"LABEL_PLAY","PLAY","开始游戏","SPIELEN","JUGAR","JOUER","プレー","GRAJ","ИГРАТЬ"
"LABEL_PLAYERS_TIME","PLAYERS TIME","玩家用时","ZEIT DES SPIELERS","TIEMPO JUGADORES","TEMPS JOUEURS","プレイヤーの時間","CZAS GRACZA","ВРЕМЯ ИГРОКА"
"LABEL_PLAYING_AS","PLAYING AS","扮演","SPIELEN ALS…","JUGANDO COMO","JOUER","プレー中","GRASZ JAKO","ИГРА ЗА"
"LABEL_PLAY_AGAIN","PLAY AGAIN","再玩一次","NOCHMAL SPIELEN","JUGAR DE NUEVO","REJOUER","もう一度プレイ","REWANŻ","ЗАНОВО"
"LABEL_PLEASE_WAIT","PLEASE WAIT...","请等待...","BITTE WARTEN…","POR FAVOR ESPERA...","UN INSTANT...","しばらくお待ちください...","PROSZĘ CZEKAĆ...","ПОДОЖДИТЕ"
"LABEL_PREVIEW","PREVIEW","预览","PREVIEW","PREVISUALIZAR","APERÇU","プレビュー","PODGLĄD","ПРЕДПРОСМОТР"
"LABEL_PREVIOUS","PREVIOUS","上一个","ZURÜCK","ANTERIOR","PRÉCÉDENT","前","POPRZEDNI","ПРЕДЫДУЩАЯ"
"LABEL_PREVIOUS_UNIT","SELECT PREVIOUS UNIT","选取上一个单位","VORHERIGE EINHEIT WÄHLEN","SELECCIONAR UNIDAD ANTERIOR","UNITÉ PRÉCÉDENTE","前の部隊を選択","POPRZEDNIA JEDNOSTKA","ПРЕДЫДУЩИЙ ЮНИТ"
"LABEL_PROCEED","PROCEED","继续","WEITER","PROCEDER","CONTINUER","続行","KONTYNUUJ","ПРОДОЛЖИТЬ"
"LABEL_PROCEED_QUESTION","Proceed?","继续？","Weiter?","¿Proceder?","Continuer ?","続行しますか?","Kontynuować?","Продолжить?"
"LABEL_QUIT_GAME","QUIT GAME","退出游戏","BEENDE SPIEL","SALIR","QUITTER","ゲームを終了","WYJDŹ","ВЫЙТИ"
"LABEL_RANGE","RANGE","范围","REICHWEITE","ALCANCE","RANG","範囲","ZASIĘG","ДАЛЬНОСТЬ ХОДА"
"LABEL_RED","RED","红队","ROT","ROJO","ROUGE","レッド","CZERWONA","КРАСНЫЙ"
"LABEL_RED_TEAM","RED TEAM","红队","TEAM ROT","EQUIPO ROJO","ÉQUIPE ROUGE","レッドチーム","ARMIA CZERWONA","КРАСНАЯ КОМАНДА"
"LABEL_RED_TEAM_TURN","RED TEAM TURN","红队回合","RED TEAM TURN","TURNO EQUIPO ROJO","TOUR ÉQUIPE ROUGE","RED TEAM TURN","TURA ARMII CZERWONEJ","RED TEAM TURN"
"LABEL_RED_WINS","RED WINS","红队获胜","SIEGE ROT","ROJO GANA","LES ROUGES GAGNENT","レッドの勝ち","ZWYCIĘŻYLI CZERWONI","КРАСНЫЕ ПОБЕДИЛИ"
"LABEL_REFRESH","REFRESH","刷新","AKTUALISIEREN","REFRESCAR","RAFRAÎCHIR","更新","ODŚWIEŻ","ОБНОВИТЬ"
"LABEL_REFRESHING_MATCHES","REFRESHING MATCHES","正在刷新比赛","Aktualisiere Ergebnisse","ACTUALIZANDO PARTIDAS","RAFRAÎCHISSEMENT","対戦の更新中","ODŚWIEŻANIE MECZY","ОБНОВИТЬ МАТЧИ"
"LABEL_REGISTER","Register","注册","Registrieren","Registro","Enregistrer","登録","Rejestruj","Регистрация"
"LABEL_REGISTER_PLAYER","Register Player","注册玩家","Spieler registrieren","Registrar jugador/a","Enregist. joueur","登録プレイヤー","Zarejestruj Gracza","Зарегистрировать игрока"
"LABEL_REMOTE","REMOTE","远程","REMOTE","REMOTO","DISTANT","リモート","ZDALNE","ОТДАЛЕННЫЙ"
"LABEL_REPLAY","REPLAY","重启游戏","WIEDERHOLUNG","REPETICIÓN","REJOUER","リプレイ","POWTÓRKA","ПОВТОР"
"LABEL_REPLAYING_MOVES","REPLAYING TURN","重新进行回合","WIEDERHOLE ZUG","REPETIR TURNO","REJOUER LE TOUR","リプレイ中","ODTWARZANIE TURY","ЗАПИСАННЫЙ ХОД"
"LABEL_REQUIES_RESTART","MAP RESTART REQUIRED","需要重启地图","MAP RESTART REQUIRED","SE REQUIERE REINICIAR EL MAPA","REDÉMARRAGE REQUIS","マップの再開が必要","WYMAGA RESTARTU MAPY","НУЖНА ПЕРЕЗАГРУЗКА КАРТЫ"
"LABEL_RESUME","RESUME","恢复","WEITER","REANUDAR","CONTINUER","再開","KONTYNUUJ","ПРОДОЛЖИТЬ"
"LABEL_RUN_DEMO","RUN DEMO","开始演示","STARTE DEMO","EJECUTAR DEMO","DÉMO","デモを実行","DEMO","ДЕМО"
"LABEL_SELECT","PERFORM ACTION","实施行动","AKTION DURCHFÜHREN","REALIZAR UNA ACCIÓN","EFFECTUER ACTION","アクションを実行","WYKONAJ AKCJĘ","ПРОАНАЛИЗИРОВАТЬ ДЕЙСТВИЕ"
"LABEL_SELECTED_MAP","SELECTED MAP:","选定的地图：","GEWÄHLTE KARTE","MAPA SELECCIONADO:","CARTE CHOISIE :","選択したマップ:","WYBRANA MAPA","КАРТА:"
"LABEL_SELECTOR_MOVEMENT","MOVE FIELD SELECTOR","移动选取框","Auswahl bewegen","MOVER SELECTOR DE CAMPO","DÉPLACER SÉLECTION","フィールドセレクタを移動","PORUSZ WSKAŹNIKIEM","ПЕРЕДВИНУТЬ ВЫБИРАТЕЛЬ КАРТ"
"LABEL_SELECT_UNIT","SELECT UNIT","选择单位","WÄHLE EINHEIT","SELECCIONAR UNIDAD","CHOISIR","部隊を選択","WYBIERZ JEDNOSTKĘ","ВЫБРАТЬ ЮНИТ"
"LABEL_SETTINGS","SETTINGS","设置","EINSTELLUNGEN","OPCIONES","RÉGLAGES","設定","USTAWIENIA","НАСТРОЙКИ"
"LABEL_SHOW_REPLAY","SHOW REPLAY","显示回放","WIEDERHOLUNG ZEIGEN","MOSTRAR REPETICIÓN","MONTRER LE REPLAY","リプレイを表示","POKAŻ POWTÓRKĘ","ПОКАЗАТЬ ПОВТОР"
"LABEL_SKIP","SKIP","跳过","ÜBERSPRINGEN","OMITIR","PASSER","スキップ","POMIŃ","ПPОПУСТИТЬ"
"LABEL_SKIRMISH","SKIRMISH","战斗","GEFECHT","ESCARAMUZA","ESCARMOUCHE","戦闘","POTYCZKA","СОСТЯЗАНИЕ"
"LABEL_SMALLER","SMALLER","缩小","KLEINER","MENOR","+ PETIT","小さく","DALEJ","БЛИЖЕ"
"LABEL_SOUND","SFX","声音","SFX","SFX","SON","SFX","DZWIĘK","SFX"
"LABEL_SOUND_EFFECTS","SOUND EFFECTS","音效","SOUND EFFEKTE","EFECTOS SONIDO","EFFETS SONORES","サウンド効果","EFEKTY DZWIĘKOWE","ЗВУКИ"
"LABEL_START","START","开始游戏","START","COMENZAR","DÉMARRER","開始","START","СТАРТ"
"LABEL_START_TURN","START TURN","开始回合","STARTE RUNDE","INICIAR TURNO","GO !","順番を開始","START TURY","НАЧАТЬ ХОД"
"LABEL_SUMMER","SUMMER","夏季","SOMMER","VERANO","ÉTÉ","夏","LATO","ЛЕТО"
"LABEL_TIME","TIME","时间","ZEIT","TIEMPO","TEMPS","時間","CZAS","ВРЕМЯ"
"LABEL_TOOLTIPS","TOOLTIPS","物品提示","TOOLTIPS","DESCRIPCIONES EMERGENTES","INFOBULLES","TOOLTIPS","PODPOWIEDZI","TOOLTIPS"
"LABEL_TOTAL_SCORE","TOTAL SCORE","总分数","GESAMTPUNKTE","TOTAL PUNTOS","SCORE TOTAL","トータルスコア","PUNKTACJA","ОБЩИЙ СЧЕТ"
"LABEL_TURN","TURN","回合","RUNDE","TURNO","TOUR","順番","TURA","ХОД"
"LABEL_TURNS","TURNS","回合","RUNDEN","TURNOS","TOURS","手","TURY","ХОДОВ"
"LABEL_TURNS_CAP","TURNS CAP:","回合限制:","RUNDEN CAP","TURNOS:","LIMITE TOURS :","順番の獲得:","OGRANICZENIE TUR","МАКС КОЛ-ВО ХОДОВ:"
"LABEL_TURNS_CAP:","TURNS CAP:","回合限制：","RUNDEN CAP:","TURNOS:","TOURS :","順番の獲得:","OGRANICZENIE TUR","МАКС КОЛ-ВО ХОДОВ:"
"LABEL_UNIT","UNIT","单位","EINHEIT","UNIDAD","UNITÉ","部隊","JEDNOSTKA","ЮНИТ"
"LABEL_UNIT_ATTACK","attack","攻击","Angriff","ataque","ATTAQUE","攻撃","ATAK","атака"
"LABEL_UNIT_HEALTH","health","健康值","Gesundheit","salud","VIE","兵力","ZDROWIE","здоровье"
"LABEL_UNIT_HELI","HELI","直升机","HELI","HELI","HÉLICO","ヘリ","ŚMIGŁOWIEC","ВЕРТОЛЕТ"
"LABEL_UNIT_RANGE","range","范围","Entfernung","alcance","PORTÉE","範囲","ZASIĘG","дальность хода"
"LABEL_UPLOAD","Upload","上传","Upload","Subir","Envoyer","アップロード","Wyślij","Экспорт"
"LABEL_UPLOAD_MAP","Upload Map","上传地图","Karte hochladen","Subir mapa","Envoyer la carte","マップをアップロード","Wysyłanie mapy","Экспорт карты"
"LABEL_VERSION","Version","版本","Version","Versión","Version","バージョン","Wersja","Версия"
"LABEL_WINDOW","WINDOW","窗口","FENSTER","VENTANA","FENÊTRE","ウインドウ","OKNO","ОКНО"
"LABEL_WINS","WINS","胜利","SIEGE","GANA","VICTOIRES","勝ち","WYGRANE","ПОБЕДИЛ"
"LABEL_WINTER","WINTER","冬季","WINTER","INVIERNO","HIVER","冬","ZIMA","ЗИМА"
"LABEL_WORKSHOP","WORKSHOP","工坊","WORKSHOP","TALLER","ÉDITEUR","ワークショップ","EDYTOR","РЕДАКТОР"
"LABEL_WORKSHOP_AIRPORT","AIRPORT","机场","FLUGHAFEN","AEROPUERTO","AÉROPORT","空港","LOTNISKO","АЭРОПОРТ"
"LABEL_WORKSHOP_BARRACKS","BARRACKS","兵营","KASERNEN","BARRACON","CASERNE","兵舎","KOSZARY","КАЗАРМА"
"LABEL_WORKSHOP_BRIDGE","BRIDGE","桥梁","BRÜCKE","PUENTE","PONT","橋","MOST","МОСТ"
"LABEL_WORKSHOP_BUILDINGS","BUILDINGS","建筑物","GEBÄUDE","EDIFICIOS","BÂTIMENTS","建物","BUDYNKI","ЗДАНИЯ"
"LABEL_WORKSHOP_BUILD_TERRAIN","BUILD TERRAIN","建造地形","BAUE GELÄNDE","CONSTRUIR TERRENO","TERRAIN","地形を構築","BUDUJ TEREN","ПОСТАВИТЬ"
"LABEL_WORKSHOP_CITY","CITY","城市","STADT","CIUDAD","VILLE","都市","MIASTO","ГОРОД"
"LABEL_WORKSHOP_CIVILIAN","CIVILIAN","平民","ZIVILIST","CIVIL","CIVIL","民間人","CYWIL","ГРАЖДАНСКИЕ"
"LABEL_WORKSHOP_CLEAR_LAYERS","CELAR LAYERS","清除图层","EBENEN LEEREN","LIMPIAR CAPAS","TOUT SUPPRIMER :","レイヤーをクリア","WYCZYŚĆ WARSTWY","СНЯТЬ СЛОИ"
"LABEL_WORKSHOP_CLEAR_MAP","CLEAR EVERYTHING IN MAP","清除地图上所有东西","CLEAR EVRYTHING IN MAP","BORRAR TODO EN EL MAPA","EFFACER LA CARTE","マップをすべてクリア","WYCZYŚĆ WSZYSTKO NA MAPIE","ОЧИСТИТЬ ВСЕ"
"LABEL_WORKSHOP_CONCRETE","CONCRETE","混凝土","BETON","HORMIGÓN","BÉTON","コンクリート","BETON","БЕТОН"
"LABEL_WORKSHOP_CREATE","CREATE","创建","ERSTELLEN","CREAR","CRÉER","作成","STWÓRZ","СДЕЛАНО"
"LABEL_WORKSHOP_DIRT","DIRT","泥土","ERDE","SUCIEDAD","BOUE","ダート","PIASEK","ГРЯЗЬ"
"LABEL_WORKSHOP_EREASE","EREASE","清除","LÖSCHEN","BORRAR","EFFACER","消去","USUŃ","СТЕРЕТЬ"
"LABEL_WORKSHOP_FACTORY","FACTORY","工厂","FABRIK","FÁBRICA","USINE","工場","FABRYKA","ЗАВОД"
"LABEL_WORKSHOP_FAILURE","OPERATION FAILURE","操作失败","AKTION FEHLGESCHLAGEN","OPERACIÓN FALLIDA","ÉCHEC DE L'OPÉRATION","操作に失敗しました","BŁĄD OPERACJI","ОШИБКА"
"LABEL_WORKSHOP_FENCE","FENCE","栅栏","ZAUN","CERCA","CLÔTURE","フェンス","PŁOT","ЗАБОР"
"LABEL_WORKSHOP_FILES_MANAGER","FILES MANAGER","文件管理器","DATEI MANAGER","GESTOR ARCHI.","FICHIERS","ファイル管理","PLIKI","ПРОВОДНИК"
"LABEL_WORKSHOP_FILE_SAVED","FILE SAVED","文件已保存","DATEI GESPEICHERT","ARCHIVO GUARDADO","FICH. SAUV.","ファイルを保存しました","PLIK ZAPISANY","СОХРАНЕНО"
"LABEL_WORKSHOP_FOREST","FOREST","森林","WALD","BOSQUE","FÔRET","森","LAS","ЛЕС"
"LABEL_WORKSHOP_GSM_TOWER","GSM TOWER","通信塔","GSM TOWER","T. GSM","TOUR GSM","GSM タワー","WIEŻA","РАДИОВЫШКА"
"LABEL_WORKSHOP_HELI","HELI","直升机","HELI","HELI","HÉLICO","ヘリ","ŚMIGŁOWIEC","ВЕРТОЛЕТ"
"LABEL_WORKSHOP_HQ","HQ","总部","HQ","CG","QG","司令部","CENTRALA","ШК"
"LABEL_WORKSHOP_INFANTRY","INFANTRY","步兵","INFANTERIE","SOLDADO","INFANTR.","歩兵","PIECHOTA","ПЕХОТА"
"LABEL_WORKSHOP_LOAD","LOAD","加载","LADEN","CARGAR","CHARGER","ロード","WCZYTAJ","ЗАГРУЗИТЬ"
"LABEL_WORKSHOP_MOUNTAIN","MOUNTAIN","山脉","BERG","MONTAÑA","MONTAGNE","山","GÓRY","ГОРЫ"
"LABEL_WORKSHOP_MOVE_MAP","MOVE MAP","移动地图","BEWEGE KARTE","MOVER MAPA","BOUGER CARTE","マップを移動","PRZESUŃ MAPĘ","ДВИГАТЬ КАРТУ"
"LABEL_WORKSHOP_PICK_MAP","PICK MAP","选择地图","WÄHLE KARTE","ELEGIR MAPA","CHOISIR CARTE","マップを選択","WYBIERZ MAPĘ","КАРТА:"
"LABEL_WORKSHOP_PLAIN","PLAIN","平原","EBENE","LLANURA","PLAINE","平地","TRAWA","ТРАВА"
"LABEL_WORKSHOP_RIVER","RIVER","河流","FLUSS","RÍO","RIVIÈRE","川","RZEKA","РЕКА"
"LABEL_WORKSHOP_ROAD#1","ROAD#1","道路#1","STRASSE#1","CAMINO#1","ROUTE#1","道路#1","ULICA#1","ДОРОГА#1"
"LABEL_WORKSHOP_ROAD#2","ROAD#2","道路#2","STRASSE#2","CAMINO#2","ROUTE#2","道路#2","ULICA#2","ДОРОГА#2"
"LABEL_WORKSHOP_RUBBLE","RUBBLE","瓦砾堆","RUBBLE","ESCOMBROS","RUINES","瓦礫","RUINY","СГОРЕВШЕЕ"
"LABEL_WORKSHOP_SAVE","SAVE","保存","SPEICHERN","GUARDAR","SAUVEGARDER","セーブ","ZAPISZ","СОХРАНИТЬ"
"LABEL_WORKSHOP_SELECTED_TOOL","SELECTED TOOL","选择工具","ANGEWÄHLTES WERKZEUG","HERRAMIENTA SELECCIONADA","OUTIL ACTIVÉ","選択したツール","KAFELEK","ВЫБРАНО:"
"LABEL_WORKSHOP_SIZE","SIZE","大小","GRÖSSE","TAMAÑO","TAILLE","サイズ","WIELKOŚĆ","РАЗМЕР"
"LABEL_WORKSHOP_SPAWN","SPAWN","出兵口","STARTPUNKT","P. SALIDA","DÉPART","スポーン","WYJSCIE","СПАУН"
"LABEL_WORKSHOP_STATUE","STATUE","雕像","STATUE","ESTATUA","STATUE","像","POSĄG","СТАТУЯ"
"LABEL_WORKSHOP_TANK","TANK","坦克","PANZER","TANQUE","TANK","戦車","CZOŁG","ТАНК"
"LABEL_WORKSHOP_TERRAIN","TERRAIN","地形","GELÄNDE","TERRENO","TERRAIN","地形","TEREN","ДЕКОР"
"LABEL_WORKSHOP_THEME","MAP THEME","地图主题","Kartenthema","TEMA DEL MAPA","THÈME DE LA CARTE","マップのテーマ","ZESTAW KAFELKÓW","ТЕМА КАРТЫ"
"LABEL_WORKSHOP_TILES","TILES","格子","TILES","AZULEJOS","TUILES","タイル","KAFELKI","ТАЙЛЫ"
"LABEL_WORKSHOP_TOOLBOX","TOOLBOX","工具箱","WERKZEUGBOX","OPCIONES","OPTIONS","ツールボックス","NARZĘDZIA","ИНСТРУМЕНТЫ"
"LABEL_WORKSHOP_TOWER","TOWER","塔","TOWER","TORRE","TOUR","タワー","WIEŻA","РАДИОВЫШКА"
"LABEL_WORKSHOP_UNDO_BUILD","UNDO BUILD","撤销建造","RÜCKGÄNGIG","DESHACER","ANNULER","構築を元に戻す","COFNIJ RUCH","ОТКАТ"
"LABEL_WORKSHOP_UNITS","UNITS","单位","EINHEITEN","UNIDADES","UNITÉS","部隊","JEDNOSTKI","ЮНИТЫ"
"LABEL_YOUR_TURN","YOUR TURN","你的回合","DEIN ZUG","TU TURNO","VOTRE TOUR","あなたの順番","TWOJA TURA","ТВОЙ ХОД"
"LABEL_YOU_LOSE","YOU LOST","你输了","DU HAST VERLOREN","PERDISTE","VOUS PERDEZ","あなたの負け","PRZEGRAŁEŚ","ТЫ ПРОИГРАЛ"
"LABEL_YOU_WIN","YOU WON","你赢了","DU HAST GEWONNEN","GANASTE","VOUS GAGNEZ","あなたの勝ち","WYGRAŁEŚ","ТЫ ПОБЕДИЛ"
"LABEL_ZOOM_LEVEL","ZOOM LEVEL","缩放级别","ZOOM LEVEL","NIVEL ZOOM","ZOOM","ズームレベル","POZIOM PRZYBLIŻENIA","ПРИБЛИЖЕННОСТЬ"
"MAG_ABANDON_MATCH","ARE YOU SURE YOU WANT TO ABANDON THIS MATCH? YOU WILL NOT BE ABLE TO CONTINUE THIS GAME.","ARE YOU SURE YOU WANT TO ABANDON THIS MATCH? YOU WILL NOT BE ABLE TO CONTINUE THIS GAME.","BIST DU SICHER DASS DU DIESES SPIEL ABBRECHEN WILLST? DU KANNST DIESES SPIEL NICHT FORTFÜHREN.","¿ESTÁS SEGURO DE QUE QUIERES ABANDONAR? NO PODRÁS CONTINUAR LA PARTIDA.","ÊTES-VOUS SÛR DE VOULOIR ABANDONNER LE MATCH ? VOUS NE POURREZ PAS REPRENDRE LE MATCH.","この対戦を放棄してもよろしいですか? このゲームを続行できません。","CZY NA PEWNO CHCESZ PORZUCIĆ TEN MECZ? NIE BĘDZIESZ W STANIE KONTYNUOWAĆ TEJ GRY.","УВЕРЕНЫ, ЧТО ХОТИТЕ ВЫЙТИ? ИГРА БУДЕТ УДАЛЕНА"
"MAG_AVAILABLE_SIDE","AVAILABLE SIDE: ","AVAILABLE SIDE: ","VERFÜGBARE SEITE: ","FACCIÓN DISPONIBLE: ","CAMP REJOIGNABLE : ","参加可能なサイド: ","DOSTĘPNA STRONA: ","СВОБОДНАЯ СТОРОНА: "
"MAG_PROCEED_JOIN","JOIN THIS MATCH?","JOIN THIS MATCH?","DIESEM SPIEL BEITRETEN?","¿UNIRSE A ESTA PARTIDA?","REJOINDRE CE MATCH ?","この対戦に参加しますか?","DOŁĄCZYĆ DO TEGO MECZU?","ПРИСОЕДИНИТЬСЯ?"
"MSG_ALREADY_IN_MATCH","YOU ARE ALREADY IN THAT MATCH","YOU ARE ALREADY IN THAT MATCH","DU BIST BEREITS IN DEM SPIEL","YA ESTÁS EN ESA PARTIDA","VOUS ÊTES DÉJÀ DANS CE MATCH","すでに対戦に参加しています","JESTEŚ JUŻ W TYM MECZU","ВЫ УЖЕ ИГРАЕТЕ В ЭТОМ МАТЧЕ"
"MSG_ASK_UPLOAD","BEGIN MAP UPLOAD?","BEGIN MAP UPLOAD?","BEGIN MAP UPLOAD?","¿COMENZAR LA CARGA DEL MAPA?","DÉBUTER TÉLÉVERSEMENT CARTE ?","マップのアップロードを開始しますか?","ROZPOCZĄĆ WYSYŁANIE MAPY?","НАЧАТЬ ЭКСПОРТ КАРТЫ?"
"MSG_CHECKING_STATE","CHECKING FOR NEW MOVES...","CHECKING FOR NEW MOVES...","PRÜFE NEUE ZÜGE...","COMPROBANDO NUEVOS MOVIMIENTOS...","VÉRIFIER POUR DE NOUV. MOUVEMENTS...","新しい移動を確認しています...","SPRAWDZANIE...","ПРОВЕРКА НОВЫХ ХОДОВ..."
"MSG_CLEARING_SLOT_WAIT","CLEARING GAME SLOT. PLEASE WAIT...","CLEARING GAME SLOT. PLEASE WAIT...","LÖSCHE SPIEL EINRAG. BITTE WARTEN...","LIMPIANDO LA RANURA DEL JUEGO. POR FAVOR ESPERA...","LIBÉRATION DES EMPLACEMENTS, PATIENTEZ SVP...","ゲームスロットをクリアしています。 しばらくお待ちください...","CZYSZCZENIE SLOTU GRY. PROSZĘ CZEKAĆ...","СТИРАНЕ, ПОДОЖДИТЕ..."
"MSG_CONFIRM_CREATE","DO YOU WANT TO HOST A NEW MATCH?","DO YOU WANT TO HOST A NEW MATCH?","MÖCHTEST DU EIN NEUES SPIEL HOSTEN?","¿QUIERES ALOJAR UNA NUEVA PARTIDA?","VOULEZ-VOUS HÉBERGER UN NOUVEAU MATCH ?","新しい対戦を開催しますか?","UTWORZYĆ NOWY MECZ?","ХОЧЕШЬ СОЗДАТЬ НОВЫЙ МАТЧ?"
"MSG_CREATING_MATCH_WAIT","CREATING NEW MATCH. PLEASE WAIT...","CREATING NEW MATCH. PLEASE WAIT...","ERSTELLE NEUES SPIEL. BITTE WARTEN...","CREANDO UNA NUEVA PARTIDA. POR FAVOR ESPERA...","CRÉATION D'UN NOUVEAU MATCH. PATIENTEZ SVP...","新しい対戦を作成しています。 しばらくお待ちください...","TWORZENIE NOWEGO MECZU. PROSZĘ CZEKAĆ...","СОЗДАНИЕ МАТЧА, ПОДОЖДИТЕ..."
"MSG_EMPTY_DISPLAY","&lt; NOTHING TO DISPLAY&#000a;&lt; SELECT UNIT OR BUILDING","&lt; NOTHING TO DISPLAY&#000a;&lt; SELECT UNIT OR BUILDING","&lt;NICHTS ANZUZEIGEN&#000a;&lt; EINHEIT ODER GEBÄUDE ANWÄHLEN","&lt; NADA QUE MOSTRAR&#000a;&lt; SELECCIONA UNA UNIDAD O EDIFICIO","&lt; RIEN À AFFICHER&#000a;&lt; SÉLECTIONNEZ UNE UNITÉ OU UN BÂTIMENT","&lt; 表示するものがありません&#000a;&lt; 部隊または建物を選択してください","NIC DO WYŚWIETLENIA - ZAZNACZ JEDNOSTKĘ LUB BUDYNEK","&lt; NOTHING TO DISPLAY&#000a;&lt; ВЫБЕРИ ЮНИТ ИЛИ ЗДАНИЕ"
"MSG_FETCHING_MATCH_DETAILS","FETCHING MATCH DETAILS. PLEASE WAIT...","FETCHING MATCH DETAILS. PLEASE WAIT...","HOLE SPIEL DETAILS. BITTE WARTEN...","OBTENIENDO DETALLES DE LA PARTIDA. POR FAVOR ESPERA...","COLLECTE DES DÉTAILS DU MATCH, PATIENTEZ SVP...","対戦の詳細を取得しています。 しばらくお待ちください...","POBIERANIE INFORMACJI O MECZU. PROSZĘ CZEKAĆ...","ЗАГРУЗКА ПАРАМЕТРОВ МАТЧА, ПОДОЖДИТЕ..."
"MSG_FREE_AS_FREEDOM","* FREE AS FREEDOM, NOT FREE AS IN FREE BEER","*free，是自由（freedom）的自由（free），而不是免费啤酒（free beer）的免费（free）","* FREI WIE FREIHEIT, NICHT FREI WIE FREIBIER","* FREE AS FREEDOM, NOT FREE AS IN FREE BEER","LIBRE ET OPEN SOURCE","* アルコールフリービールのフリーではなく、自由としてのフリー","* WOLNA JAK WOLNOŚĆ, NIE JAK ŻÓŁW","* СВОБОДНОГО ТО ЕСТЬ ДОСТУПНОГО, НЕ СВОБОДНАЯ КАК В ТРАКТИРЕ"
"MSG_GAME_DESCRIPTION_1","FREE* & OPEN-SOURCE","自由*&开源","FREE* & OPEN-SOURCE","FREE* & OPEN-SOURCE","JEU DE STRATÉGIE","フリー* & オープンソース","WOLNA*, OTWARTA","СВОБОДНОГО* ДОСТУПА"
"MSG_GAME_DESCRIPTION_2","TURN-BASED STRATEGY GAME","回合制战略游戏","RUNDENBASIERTES STRATEGIESPIEL","TURN-BASED STRATEGY GAME","AU TOUR PAR TOUR","順番制の戦略ゲーム","TUROWA STRATEGIA","ПОХОДОВАЯ СТРАТЕГИЯ"
"MSG_INDIE_GAME","INDIE GAME&#000a;DESIGN &amp; &#000a;DEVELOP","INDIE GAME&#000a;DESIGN &amp; &#000a;DEVELOP","INDIE GAME&#000a;DESIGN &amp; &#000a;ENTWICKELN","INDIE GAME&#000a;DISEÑO &amp; &#000a;DESARROLLO","INDIE GAME&#000a;DESIGN &amp; &#000a;DEVELOP","インディーゲーム&#000a;デザイン &amp; &#000a;開発","GRA NIEZALEŻNA","INDIE GAME&#000a;DESIGN &amp; &#000a;ВЕРСИЯ"
"MSG_INPUT_MATCH_CODE","INPUT MATCH JOIN CODE","INPUT MATCH JOIN CODE","GIB DEN SPIEL BEITRITTS-CODE EIN","CÓDIGO PARA UNIRSE A LA PARTIDA","ENTRER LE CODE D'ACCÈS AU MATCH","対戦参加コードを入力","WPISZ KOD MECZU","НАПИШИТЕ КОД МАТЧА"
"MSG_JOINING_MATCH_WAIT","JOINING A MATCH. PLEASE WAIT...","JOINING A MATCH. PLEASE WAIT...","TRETE EINEM SPIEL BEI. BITTE WARTEN...","UNIÉNDOSE A UNA PARTIDA. POR FAVOR ESPERA...","VOUS REJOIGNEZ UN MATCH, PATIENTEZ SVP...","対戦に参加しています。 しばらくお待ちください...","DOŁĄCZANIE DO MECZU. PROSZĘ CZEKAĆ...","ПРИСОЕДИНЕНИЕ, ПОДОЖДИТЕ..."
"MSG_LOADING_MATCH_WAIT","LOADING MATCH DATA. PLEASE WAIT...","LOADING MATCH DATA. PLEASE WAIT...","LADE SPIEL DATEN. BITTE WARTEN...","CARGANDO DATOS PARTIDA. POR FAVOR ESPERE...","CHARGEMENT DU MATCH, PATIENTEZ SVP...","対戦データをロードしています。 しばらくお待ちください...","POBIERANIE DANYCH MECZU. PROSZĘ CZEKAĆ...","ЗАГРУЗКА МАТЧА, ПОДОЖДИТЕ..."
"MSG_MULTIPLAYER_LOBBY_HEADLINE","ONLINE MULTIPLAYER LOBBY","ONLINE MULTIPLAYER LOBBY","ONLINE MULTIPLAYER LOBBY","MODO MULTIJUGADOR","MODE MULTIJOUEUR","オンライン マルチプレイヤー ロビー","TRYB WIELOOSOBOWY","ОНЛАЙН ЛОББИ"
"MSG_MULTIPLAYER_LOBBY_SUB","you may have up to four simultaneous games","you may have up to four simultaneous games","you may have up to four simultaneous games","puedes tener hasta cuatro juegos simultáneos","Vous pouvez avoir jusqu'à quatre jeux en cours simultanément","あなたは最大4つまで同時にゲームをすることができます","MOŻESZ PROWADZIĆ DO CZTERECH GIER RÓWNOLEGLE","Ты можешь иметь до четырех матчей"
"MSG_MULTIPLAYER_WELCOME","Welcome to ToF multiplayer!","Welcome to ToF multiplayer!","Welcome to ToF multiplayer!","¡Bienvenido al modo multijugador de ToF!","Bienvenu sur ToF multijoueur !","ToF マルチプレイヤーへようこそ!","Witamy w trybie wieloosobowym!","ДОБРО ПОЖАЛОВАТЬ В ToF multiplayer!"
"MSG_NO_ENOUGH_AP","NOT ENOUGH AP","NOT ENOUGH AP","NICHT GENUG AP","NO HAY SUFICIENTE PA","PA INSUFFISANT","AP が足りません","BRAK PUNKTOW AKCJI","НЕДОСТАТОЧНО АР"
"MSG_ONLINE_MENU_DESC","DOWNLOAD NEW MAPS OR SHARE YOUR OWN CREATIONS WITH THE WORLD!","DOWNLOAD NEW MAPS OR SHARE YOUR OWN CREATIONS WITH THE WORLD!","LADE NEUE KARTEN HERUNTER ODER TEILE DEINE KARTEN MIT ANDEREN!","¡DESCARGA NUEVOS MAPAS O COMPARTE TUS PROPIAS CREACIONES CON EL MUNDO!","TÉLÉCHARGEZ DE NOUVELLES CARTES OU PARTAGEZ VOS CRÉATIONS AVEC LE MONDE !","新しい地図をダウンロードするか、あなた独自の作成物を世界と共有しましょう!","POBIERAJ NOWE MAPY I DZIEL SIĘ SWOIMI DZIEŁAMI ZE ŚWIATEM!","ЗАГРУЖАЙ НОВЫЕ КАРТЫ ИЛИ ДЕЛИСЬ СВОИМИ СО ВСЕМ МИРОМ!"
"MSG_OPERATION_FAILED","NETWORK OPERATION FAILED. PLEASE CHECK YOUR INTERNET CONNECTION AND TRY AGAIN.","NETWORK OPERATION FAILED. PLEASE CHECK YOUR INTERNET CONNECTION AND TRY AGAIN.","NETZWERK OPERATION FEHLGESCHLAGEN. BITTE PRÜFE DEINE INTERNET VERBINDUNG UND VERSUCHE ES NOCH EINMAL.","OPERACIÓN DE RED FALLIDA. POR FAVOR COMPRUEBA TU CONEXIÓN A INTERNET Y PRUEBA DE NUEVO.","LA CONNEXION A ÉCHOUÉ. VÉRIFEZ VOTRE CONNEXION INTERNET ET RÉESSAYEZ SVP.","ネットワーク操作に失敗しました。 インターネット接続を確認して、もう一度やり直してください。","OPERACJA SIECIOWA NIE POWIODŁA SIĘ. PROSZĘ SPRAWDZIĆ POŁĄCZENIE Z INTERNETEM I SPRÓBOWAĆ PONOWNIE.","ОШИБКА ПОДКЛЮЧЕНИЯ К ИНТЕРНЕТУ. ПОДКЛЮЧИТЕСЬ И ПОПРОБУЙТЕ СНОВА"
"MSG_OPPONENT_WAIT","WAITING FOR OPPONENT...","WAITING FOR OPPONENT...","WARTE AUF GEGNER...","ESPERANDO OPONENTE...","EN ATTENTE D'UN ADVERSAIRE...","相手を待っています...","OCZEKIWANIE NA PRZECIWNIKA...","ОЖИДАНИЕ СОПЕРНИКА..."
"MSG_PICK_SIDE","PICK THE SIDE YOU WANT TO PLAY AS","PICK THE SIDE YOU WANT TO PLAY AS","WÄHLE DIE SEITE DIE DU SPIELEN MÖCHTEST","ELIJE LA FACCIÓN QUE QUIERES JUGAR","CHOISISSEZ LE CAMP POUR LEQUEL VOUS VOULEZ JOUER","プレイしたいサイドを選択してください","WYBIERZ STRONĘ, KTÓRĄ CHCESZ GRAĆ","ВЫБЕРИ СТРОНУ ЗА КОТОРОУЮ ХОЧЕШЬ ИГРАТЬ"
"MSG_READY_TO_CREATE","CREATE MATCH?","CREATE MATCH?","SPIEL ERSTELLEN?","¿CREAR PARTIDA?","CRÉER LE MATCH ?","対戦を作成しますか?","UTWORZYĆ MECZ?","СОЗДАТЬ МАТЧ?"
"MSG_SELECTED_MAP","SELECTED MAP: ","SELECTED MAP: ","GEWÄHLTE KARTE: ","MAPA SELECCIONADO: ","CARTE CHOISIE : ","選択したマップ: ","WYBRANA MAPA: ","КАРТА: "
"MSG_SELECTED_SIDE","SELECTED SIDE: ","SELECTED SIDE: ","GEWÄHLTE SEITE: ","FACCIÓN SELECCIONADA: ","CAMP CHOISI : ","選択したサイド: ","WYBRANA STRONA: ","СТОРОНА: "
"MSG_SHOW_REPLAY","DO YOU WANT TO SEE THE REPLAY OF OPPONENTS TURN?","DO YOU WANT TO SEE THE REPLAY OF OPPONENTS TURN?","MÖCHTEST DU DIE WIEDERHOLUNG DES GEGNERISCHEN ZUGES SEHEN?","¿QUIERES VER LA REPETICIÓN DEL TURNO DE LOS OPONENTES?","VOULEZ-VOUS VOIR LE REPLAY DES TOURS DE L'ADVERSAIRE ?","相手のリプレイを見ますか?","CZY CHCESZ ZOBACZYĆ POWTÓRKĘ TURY PRZECIWNIKA?","ХОТИТЕ УВИДЕТЬ ПОВТОР ХОДА СОПЕРНИКА?"
"MSG_SPAWN_BLOCKED","SPAWN BLOCKED","SPAWN BLOCKED","SPAWN BLOCKED","PUNTO DE SALIDA BLOQUEADO","DÉPLOIEMENT BLOQUÉ","スポーンがブロックされました","WYJŚCIE ZABLOKOWANE","СПАВН ЗАБЛОКИРОВАН"
"MSG_START_YOUR_TURN_NOW","Start your turn now!","Start your turn now!","Runde jetzt beginnen!","¡Ahora comienza tu turno!","À votre tour maintenant !","順番を開始してください!","ROZPOCZNIJ SWOJA TURE!","Начинай!"
"MSG_WORKSHOP_CHECK_TYPOS","Please re-check file name","Please re-check file name","Bitte überprüfen Sie den Dateinamen","Por favor vuelve a comprobar el nombre del archivo","Revérifiez le nom du fichier SVP","ファイル名をもう一度確認してください","Sprawdź literówki.","Пожалуйста перепроверьте название"
"MSG_WORKSHOP_CREATE_NEW_ISLAND","CREATE NEW ISLAND","CREATE NEW ISLAND","NEUE INSEL IN DER MITTE ERSTELLEN","CREAR NUEVA ISLA","CRÉER UNE NOUVELLE ÎLE AU CENTRE","新しい島を作成","TWORZY NOWA WYSPĘ NA ŚRODKU MAPY","НОВЫЙ ОСТРОВ"
"MSG_WORKSHOP_FILE_ERROR_NAME","Map name may only contain alphanumeric characters and an underscore sign.","Map name may only contain alphanumeric characters and an underscore sign.","Kartenname darf nur alphanumerische Zeichen und Unterstrich enthalten.","El nombre del mapa solo puede contener caracteres alfanuméricos y el signo de guión bajo.","Les noms de carte ne doivent contenir que des symboles alphanumériques et des tirets bas.","マップ名には、英数字とアンダースコアのみを使用できます。","Nazwa mapy może zawierać jedynie symbole alfanumeryczne.","Имя карты поддерживает лишь английские буквы и простые символы."
"MSG_WORKSHOP_FILE_NOT_FOUND","Map with specified name does not exists.","Map with specified name does not exists.","Karte mit angegeben Namen existiert nicht.","El mapa con el nombre especificado no existe.","Ce nom ne correspond à aucune carte.","指定された名前のマップは存在しません。","Mapa o podanej nazwie nie istnieje.","Такой карты не существует."
"MSG_WORKSHOP_FILL_MAP","FILL MAP WITH GRASS TILES","FILL MAP WITH GRASS TILES","FILL MAP WITH GRASS TILES","LLENA EL MAPA CON AZULEJOS DE HIERBA","REMPLIR DE TUILES D'HERBE","マップを芝生タイルで埋める","WYPEŁNIJ MAPĘ TERENEM TRAWY","ЗАПОЛНИТЬ КАРТУ ТАЙЛАМИ ТРАВЫ"
"MSG_WORKSHOP_LOSE_MAP_DATA","YOU WILL LOSE MAP DATA!","YOU WILL LOSE MAP DATA!","Sie verlieren Karten-Daten","¡PERDERÁS LOS DATOS DEL MAPA!","VOUS PERDREZ LA CARTE CRÉÉE !","マップデータがなくなります!","STRACISZ CAŁĄ MAPĘ!","ТЫ ПОТЕРЯЕШЬ ПРОГРЕСС!"
"MSG_WORKSHOP_USE_UNIQUE_NAME","USE UNIQUE NAME","USE UNIQUE NAME","BITTE EINDEUTIGEN NAMEN BENUTZEN","UTILIZA UN NOMBRE ÚNICO","UTILISEZ UN NOM UNIQUE","固有の名前を使用してください","UŻYJ UNIKALNEJ NAZWY","НАЗОВИ ОРИГИНАЛЬНО"
"TIP_1","Each unit can attack only once a turn","每个单位每回合只能攻击一次","Jede Einheit kann nur einmal pro Runde angreifen","Cada unidad puede atacar solo una vez por turno","Chaque unité ne peut attaquer qu'une seule fois par tour","各部隊は1回の順番で1回しか攻撃できません","Każda jednostka może zaatakować tylko raz na turę","Любой тип войск атакует лишь раз за ход"
"TIP_10","Mixing unit types in squads gives you a strategic advantage","在班组中混合单元的类型会给你带来战略优势","Verschiedene Einheiten zu mischen bringt strategische Vorteile","Mezclar tipos de unidades en los escuadrones te darán una ventaja estratégica","Mélanger différents types d'unités dans un bataillon vous donne un avantage stratégique","分隊で部隊の種類を混合させることは、戦略的な優位をもたらします","Oddziały o zróżnicowanym składzie mają większe szanse na sukces","Смешивание разных типов войск дает боевое приемущество"
"TIP_11","You cannot deploy a unit when the spawning point is blocked and neither can the enemy - block enemy factories with your units","阻塞出兵口将不能部署单位，敌人也不能 - 用你的单位封锁敌人的工厂","Einheiten können nicht gebaut werden, wenn der Startpunkt blockiert ist. Gleiches gilt für den Feind: blockiere dessen Fabriken.","No puedes desplegar una unidad cuando el punto de salida está bloqueado y el enemigo tampoco puede bloquear fábricas enemicas con sus unidades","Vous ne pouvez pas déployer d'unité quand le point d'apparition est bloqué par un ennemi et il en va de même pour ce dernier - bloquez la production d'unités ennemies avec vos soldats !","スポーンポイントがブロックされているときには部隊を配備することはできません。敵もできません - あなたの部隊で敵の工場をブロックしてください","Nie można kupować nowych oddziałów, jeżeli pole wyjścia z budynku jest zajęte - możesz tego użyć, aby uzyskać przewagę","Ты не можешь поставить юнита, если зона вывода занята; пользуйся этим - блокируй вражеские фабрики"
"TIP_12","Units can attack only adjacent tiles - so when your target is far away you should first move your unit closer","单位只能攻击相邻的格子 - 所以当你的目标很远时，你应该先让你的单位靠近","Einheiten können nur angrenzende Felder angreifen – ist das Ziel zu weit entfernt, müssen Sie Ihre Einheit zuerst bewegen","Las unidades solo pueden atacar los azulejos adyacentes, por lo que cuando tu objetivo este muy lejos, primero debes mover la unidad más cercana","Une unité ne peut attaquer que les cases adjacentes à sa position - vous devez d'abord déplacer votre unité si votre cible se trouve trop loin","部隊は隣接するタイルだけを攻撃することができます - ターゲットが遠くにある場合は、まず部隊を近くに移動します","Jednostki mogą atakować tylko pola obok siebie - jeżeli cel jest dalej, muszą do niego najpierw podejść","Юнит может атаковать только прилежащие тайлы - если враг далеко, сначала нужно к нему подойти"
"TIP_13","HQ is the most valuable building in game - if you capture the enemy HQ you will win the game","总部是游戏中最有价值的建筑物 - 如果你占领了敌方总部，你将赢得游戏","Das HQ ist das wertvollste Gebäude im Spiel – wenn Sie das gegnerische HQ erobern, gewinnen Sie das Spiel","El cuartel general es el edificio más valioso en el juego: si capturas el Cuartel General enemigo, ganarás el juego","Le QG est le bâtiment le plus important du jeu. Si vous capturez le QG ennemi vous gagnerez mais perdre le votre signifie la défaite immédiate...","司令部はゲームで最も価値のある建物です - あなたが敵の司令部を獲得すると、ゲームに勝ちます","Kwatera Główna jest najważniejszym budynkiem - przejęcie Kwatery oznacza zwycięstwo, utrata własnej kończy się porażką","Штаб-квартира – самое главное, если ты захватишь вражескую ШК, ты победишь"
"TIP_2","Units have weaknesses and advantages - only troops can capture buildings but they have almost no chance against tanks and tanks can’t attack helis","每种单位有弱点和优点 - 只有步兵才能占领建筑物，但几乎没有对抗坦克的胜算，而坦克则无法攻击直升机。","Units have own weaknesses and advantages - only troops can capture buildings but they have almost no chance against tanks and tanks can’t attack helis","Las unidades tienen debilidades y ventajas: solo las tropas pueden capturar edificios, pero no tienen casi opciones contra los tanques, y los tanques no pueden atacar a los helicópteros","Chaque unité a ses forces et faiblesses - seul les fantassins peuvent capturer les bâtiments mais ils n'ont aucune chance contre les tanks - qui ne peuvent pas attaquer les hélicoptères","部隊には弱点と利点があります - 軍隊だけが建物を獲得することができますが、戦車に対抗するチャンスはほとんどなく、戦車はヘリを攻撃できません","Jednostki mają wady i zalety - piechota może zajmować budynki, lecz nie ma szans w starciu z czołgami, które z kolei nie mogą walczyć z helikopterami","У каждого типа войск есть свои приемущества и недостатки - только пехота может занимать здания, но они слабы против танков, а танки не могут атаковать вертолеты"
"TIP_3","You can deploy soldiers in HQ but it is cheaper to do so in the barracks","你可以在总部里部署士兵，但是在营房里这样做更便宜。","Sie können Soldaten im HQ bauen, aber es ist günstiger in den Kasernen","Puedes desplegar soldados en el Cuartel General, pero es más barato hacerlo en los Barracones","Vous pouvez déployer des soldats dans le QG mais il est moins cher de le faire dans les casernes","司令部に兵士を配備することはできますが、兵舎は安く配備することができます","Możesz rekrutować piechotę w Kwaterze Głównej, lecz kupowanie w Barakach jest tańsze","Ты можешь делать пехоту в штаб-квартире, но они дешевле в казармах"
"TIP_4","A unit loses all its remaining AP for the turn when capturing a Tower","当一个单位夺取一个塔时，它失去了本回合的所有剩余行动点数","Einheit verliert all ihre AP in dieser Runde, wenn sie einen Tower einnimmt","Una unidad pierde todo su AP restante en su turno al capturar una torre","Les unités qui capturent un bâtiment ne peuvent plus rien faire jusqu'au tour suivant","タワーを獲得するとき、部隊は順番の残りのすべてのAPを失います","Piechota traci całe AP na bieżącą turę, kiedy zajmuje Wieżę","Пехота теряет все АР, занимая радиовышку"
"TIP_5","All production buildings require a soldier to maintain it - capturing them will cost you a soldier unit","所有生产建筑都需要一个士兵来维护它 - 占领它们将花费你一个士兵单位","Alle Produktionsgebäude benötigen einen Soldaten, um sie zu betreiben. Wird das Gebäude erobert, kostet das einen Soldaten","Todos los edificios de producción requieren un soldado para mantenerlo - capturarlos te costará un soldado","Chaque bâtiment de production requiert un soldat pour l'entretenir - capturer un bâtiment vous coûte donc un soldat","すべての製造した建物は、維持するために兵士が必要です - 獲得すると兵士部隊のコストがかかります","Wszystkie budynki produkcyjne wymagają żołnierza do obsługi - zajęcie ich kosztuje Cię jednostkę, która wchodzi do budynku","Чтобы захватить любое активное здание, нужно пустить туда пехоту, после захвата он пропадает"
"TIP_6","HQ and captured Towers or Airports will produce cash in every turn","总部和占领的塔或机场每回合会产生现金","HQ and eroberte Towers oder Flughäfen produzieren jede Runde Geld","El cuartel general, torres o Aeropuertos producirán efectivo en cada turno","Le QG et les tours ainsi que les aéroports capturés fournissent du cash à chaque tour","司令部と獲得したタワーまたは空港は、それぞれの順番で現金を生み出します","Kwatera Główna, Wieże i Lotniska produkują co turę Punkty Akcji","Штаб-квартира, аэропорт и радиовышка производят ресурс каждый ход"
"TIP_7","Cash can be spent for deploying units and movement","现金可以用于部署单位和移动","Geld kann in Einheiten oder Bewegungspunkte investiert werden","El dinero se puede gastar para desplegar unidades y movimientos","Les points d'action peuvent être dépensés pour déployer des unités ou bien les faire bouger et attaquer","現金は、部隊の配備と移動するために使うことができます","Punkty Akcji (AP) służą do poruszania jednostek oraz do kupowania nowych wojsk","Ресурс может быть потрачен на создание и передвижение войск"
"TIP_8","Use your cash wisely - a big army will be slower and less effective than a small squad","明智地使用你的现金 - 一个庞大的军队将比一个小分队更慢、更低效","Benutze Geld mit Bedacht! Eine große Armee ist langsamer und ineffektiver als ein kleiner Trupp","Utiliza tu dinero sabiamente: un gran ejército será más lento y menos efectivo que un escuadrón pequeño","Utilisez vos points d'action avec sagesse - une grande armée sera plus lente et moins efficace qu'un petit bataillon","現金を賢明に使ってください - 大軍は小さな分隊よりも遅くて効果的ではありません","Używaj swoich Punktów Akcji rozważnie - duża armia porusza się wolniej, jeżeli masz ich za mało","Расходуй ресурс мудро - большая армия будет медленней и малоэффективнее небольшого отряда"
"TIP_9","It’s never a good idea to send a unit onto the battlefield alone","单独派遣一个单位上战场永远不是一个好主意","Es ist nie eine gute Idee, eine Einheit alleine in die Schlacht zu schicken","No es buena idea enviar una unidad al campo de batalla sola","Ce n'est jamais une bonne idée d'envoyer une unité seule sur le champ de bataille","部隊を単独で戦場に送ることは決して良い考えではありません","Wysyłanie jednostek na front samotnie jest bardzo ryzykowne","Один в поле не воин - никогда не выпускай юнита на поле битвы одного"
"TIP_COMPLETE_MAP_FIRST","You need to complete this map first in skirmish mode in order to be able to upload it.","你需要先在遭遇战模式下完成此地图，才能上传它。","Du musst diese Karte erst im Gefechtsmodus komplett durchspielen","Primero debes completar este mapa en modo escaramuza para poder subirlo.","Vous devez d'abord remporter la victoire sur cette carte en mode escarmouche avant de pouvoir la partager en ligne.","アップロードできるようにするには、まずこのマップを戦闘モードを完了する必要があります。","Przed wysłaniem mapy musisz najpierw ją ukończyć w trybie potyczki.","Надо закончить карту в режите состязания перед ее экспортом"
"TIP_DOWNLOADING_WAIT","Downloading map! Please wait.","正在下载地图！请等待。","Lade Karte herunter. Bitte warten!","¡Descargando el mapa! Por favor espera.","Téléchargement de la carte ! Patientez.","マップのダウンロード中! しばらくお待ちください。","Pobieranie mapy! Proszę czekać.","Загрузка карты! Подождите..."
"TIP_HEADER","Did you know that...","你知道吗...","Wussten Sie dass…","Sabías que...","Saviez-vous que...","ご存知でしたか...","Czy wiesz, że...","Знаете ли вы..."
"TIP_INPUT_CODE","Please input map code","请输入地图代码","Bitte Karten-Code eingeben","Por favor inserta el código del mapa","Entrez le code de la carte","マップコードを入力してください","Proszę podać kod mapy","Введите код карты"
"TIP_MAP_DOWNLOAD_FAIL","Could not download a map. Please check if code is correct and try again.","无法下载地图。请检查代码是否正确并重试。","Konnte Karte nicht herunterladen. Bitte überprüfen Sie, ob der Code korrekt ist.","No se pudo descargar el mapa. Verifica si el código es correcto y vuelve a intentarlo.","Impossible de télécharger la carte. Vérifiez que le code est correct et réessayez.","マップをダウンロードできませんでした。コードが正しいか確認して、もう一度やり直してください。","Nie udało się pobrać mapy. Proszę upewnić się, że kod jest poprawny i spróbować ponownie.","Невозможно загрузить карту. Проверьте код и попробуйте снова."
"TIP_MAP_DOWNLOAD_SUCCESS","Map has been downloaded.","地图已下载完成。","Karte wurde heruntergeladen","El mapa ha sido descargado.","La carte a été téléchargée.","マップをダウンロードしました。","Mapa została pobrana.","Карта загружена"
"TIP_NEED_REGISTER","Before you can start using online options, we need to register your device with our online system.","在你开始使用在线选项之前，我们需要在我们的在线系统中注册你的设备。","Bevor Sie online spielen können, müssen Sie sich registrieren.","Antes de que puedas empezar a utilizar las opciones online, debemos registrar su dispositivo con nuestro sistema online.","Avant que vous puissiez utiliser le jeu en ligne, nous devons enregistrer votre appareil grâce à notre système en ligne.","オンラインオプションを開始する前に、デバイスをオンラインシステムに登録する必要があります。","Zanim będzie można skorzystać z opcji online musimy zarejestrować Twoje urządzenie w naszym systemie.","Перед тем, чтобы использовать онлайн настройки, нужно зарегистрировать ваш гаджет в нашей системе"
"TIP_ONLINE_HELP_1","To start a new game, press the Create button on one of the free slots. If the button is disabled, it means that you need to download an online map first. Visit http://online.tof.p1x.in to find some! Once you have hosted a game, give the match code to your friend so they may join.","要开始一个新游戏，请按下一个游戏房间上的“创建”按钮。如果按钮被禁用，这意味着你需要先下载在线地图。请访问http://online.tof.p1x.in找一些！一旦你主持了一场比赛，请把比赛代码给你的朋友加入。","To start your online game, use Create button on one of the free slots. If the button is disabled, it means, you need to download an online map first, or upload your own. You may start by downloading 'CHEKLEEN' map! Once you have hosted a game, give the match code to your friend, so they can join.","Para empezar una partida, presiona el botón Crear en uno de los espacios libres. Si el botón está desactivado, significa que primero debes descargar un mapa online. ¡Visita http://online.tof.p1x.in para encontrar algunos! Una vez hayas alojado un juego, dale el código de la partida a tu amigo para que se una.","Pour débuter votre partie en ligne, cliquez sur le bouton CRÉER sur l'un des emplacements libres. Si le bouton est désactivé, cela signifie que vous devez d'abord télécharger une carte en ligne, ou envoyer la votre. Vous pourriez commencer par télécharger la carte 'CHEKLEEN' ! Une fois que vous hébergez la partie, communiquez le code de votre match à votre partenaire de jeu pour qu'il puisse vous rejoindre.","新しいゲームを開始するには、空きスロットの1つで作成ボタンを使用します。 ボタンが無効になっている場合は、最初にオンラインマップをダウンロードする必要があることを意味しています。 https://online.tof.p1x.in で見つけてください! ゲームを開催したら、あなたの友達に対戦コードを渡します。そうすれば参加できます。","Aby rozpocząć grę, użyj przycisku Utwórz w wolnym slocie. Jeżeli przycisk jest niedostępny, oznacza to, że musisz najpierw pobrać jakąś mapę - odwiedź https://online.tof.p1x.in! Kiedy utworzysz mecz, wyślij znajomemu kod, aby mógł dołączyć.","Чтобы создать матч, нажмите кнопку СОЗДАТЬ в свободном слоте. Если такой кнопки нет, значит нужно скачать онлайн карту. Посетите https://online.tof.p1x.in. ! Если ты уже создал такую карту, можешь поделиться ею с друзьями через код"
"TIP_ONLINE_HELP_2","While in a match, there is no time limit for you or your opponent to take a turn. Remember, you don't have to wait for your turn idly - you are free to play campaign, skirmish, or load into a different multiplayer match! Quitting the game is also an option, but would you do that?","在比赛中，你或你的对手进行回合没有时间限制。记住，在等待你的回合时不要闲下来 - 你可以自由参与战役、遭遇战或加载到不同的多人比赛中！退出游戏也是一个选择，但你会这样做吗？","While in a match, there is no time limit for you, or your opponent, for taking a turn. Remember, that you don't have to wait for your turn idly - you are free to play campaign, skirmish, or load into a different multiplayer match! Quitting the game is also an option, but would you do that?","Mientras estás en una partida, no hay límite de tiempo para que tú o tu oponente termine el turno. Recuerda, no tienes que esperar a que llegue tu turno sin hacer nada - ¡eres libre de jugar campañas, escaramuzas o alojar una partida multijugador diferente! Dejar el juego también es una opción, pero ¿harías eso?","Durant un match, vous et votre adversaire n'avez pas de limite de temps pour jouer votre tour. Souvenez-vous que vous n'avez pas besoin d'attendre votre tour indéfiniment - vous pouvez entre temps jouer aux campagnes, faire une partie en escarmouche ou même jouer à une autre partie multijoueur ! Quitter le jeu est aussi une option, mais voudrez vous vraiment le faire ?","対戦中は、あなたや相手の順番に時間制限はありません。 あなたの順番を無駄に待つ必要はないことを覚えておいてください - 自由に遠征をプレイしたり、戦闘したり、別のマルチプレイヤー対戦に参加することができます! ゲームを終了することも選択肢ですが、そうしますか?","W trakcie meczu nie ma żadnego limitu czasu na turę. Pamiętaj, że nie musisz bezczynnie czekać na ruch przeciwnika - możesz w tym czasie rozpocząć misję kampanii lub rozgrywać inne mecze online! Możesz także wyjść z gry, tylko czemu?","Когда ты в матче, есть время подумать и тебе, и оппоненту. Запомни – ты не обязан ждать соперника. Всегда есть кампания, режим состязания и еще три слота для мультиплеера. Еще можно покинуть битву, но будешь ли ты это делать?"
"TIP_ONLINE_HELP_3","You are limited to only four match slots, so remember to clear the ones, that have ended.","您最多只能创建四个游戏房间，清除那些已经结束的游戏房间。","You are limited to only four match slots, so remember to clear the ones, that have ended.","Estás limitado/a a solo cuatro espacios para partidas, así que recuerda borrar los que hayas terminado.","Vous êtes limités à quatre emplacements de jeux multijoueurs. Souvenez vous de supprimer ceux qui sont terminés et inactifs.","対戦スロットは4つに制限されているので、終了したスロットをクリアするのを忘れないでください。","Możesz na raz rozgrywać jedynie cztery mecze online. Pamiętaj o czyszczeniu slotów zakończonych meczy.","Можно создать только 4 слота игры, так что можно удалять уже сыгранные матчи"
"TIP_REFRESHING_WAIT","REFRESHING ONLINE MATCHES LIST. PLEASE WAIT...","正在刷新在线比赛列表。请稍候...","Aktualisiere Online Ergebnisliste. Bitte warten...","ACTUALIZANDO LISTA PARTIDAS EN LÍNEA. POR FAVOR ESPERA...","RAFRAÎCHISSEMENT DE LA LISTE DES MATCHS EN LIGNE, PATIENTEZ SVP...","オンライン対戦リストを更新しています。 しばらくお待ちください...","ODŚWIEŻANIE LISTY MECZY. PROSZĘ CZEKAĆ...","ОБНОВЛЕНИЕ МАТЧЕЙ, ПОДОЖДИТЕ..."
"TIP_REQUESTING_PLAYER_FAIL","Requesting Player ID failed. Please try again later.","请求玩家ID失败。请稍后再试。","Anfrage Player ID gescheitert. Bitte später nocheinmal probieren.","Solicitud de ID del jugador/a incorrecta. Por favor, intententalo de nuevo más tarde.","La requète de l'ID du joueur a échoué. Réessayez plus tard.","プレイヤー ID のリクエストに失敗しました。 後でもう一度やり直してください。","Pobieranie identyfikatora nie powiodło się. Proszę spróbować ponownie później.","Ошибка регистрации, попробуйте позже."
"TIP_REQUESTING_PLAYER_ID","Requesting Player ID! Please wait.","正在请求玩家的ID！请等待。","Anfrage Player ID! Bitte warten.","¡Solicitando ID del jugador/a! Por favor espera.","Requète de l'ID du joueur ! Patientez.","プレイヤー ID のリクエスト中! しばらくお待ちください。","Pobieranie identyfikatora gracza! Proszę czekać.","Регистрация ID, подождите..."
"TIP_REQUESTING_PLAYER_SUCCESS","Requesting Player ID successful. Welcome to ToF Online!","请求玩家ID成功。欢迎来到ToF Online！","Anfrage Player ID erfolgreich. Willkommen zu ToF Online!","Solicitud de ID del jugador/a correcta. ¡Bienvenido/a a ToF Online!","La requète de l'ID du joueur a abouti. Bienvenue sur ToF Online !","プレイヤー ID のリクエストに成功しました。 ToF オンラインへようこそ!","Pobieranie identyfikatora zakończone sukcesem. Witamy w ToF Online!","Регистрация завершена. Добро пожаловать в ToF Online!"
"TIP_UPLOADING_FAIL","Upload failed. Please try again later.","上传失败。请稍后再试。","Upload fehlgeschlagen. Bitte versuche es später noch einmal.","Subida fallida. Por favor, inténtalo de nuevo más tarde.","L'envoi a échoué. Réessayez plus tard.","アップロードに失敗しました。後でもう一度やり直してください。","Wysyłanie nieudane. Proszę spróbować ponownie później.","Ошибка, попробуйте позже"
"TIP_UPLOADING_SUCCESS","Upload successful! Now you can share your new map code with your friends: ","上传成功！现在你可以与你的朋友分享你的新地图代码：","Upload erfolgreich! Jetzt können Sie Ihre neue Karte mit Ihren Freunden teilen:","¡Subido correctamente! Ahora puedes compartir el código de tu nuevo mapa con tus amigos: ","Envoi réussi ! Vous pouvez maintenant partager votre nouvelle carte avec vos amis : ","アップロードしました! 友達と新しいマップコードを共有できるようになりました: ","Wysyłanie udane! Możesz teraz podzielić się swoją mapą ze znajomymi używając poniższego kodu: ","Готово! Вот код, чтобы поделиться с друзьями: "
"TIP_UPLOADING_WAIT","Uploading! Please wait.","正在上传！请稍候。","Lade hoch...! Bitte warten.","¡Subiendo! Por favor espera.","Envoi en cours ! Patientez.","アップロード中! しばらくお待ちください。","Wysyłanie! Proszę czekać.","Загрузка, подождите."
"TIP_WELCOME_ONLINE","Welcome to ToF Online!","欢迎来到ToF Online！","Willkommen zu  ToF Online!","¡Bienvenido/a a ToF Online!","Bienvenue sur ToF Online !","ToF オンラインにようこそ!","Witamy w ToF Online!","Добро пожаловать в ToF Online!"
"TITLE_GAMEPAD_CONFIG","GAMEPAD CONFIGURATION","游戏手柄图示","GAMEPAD KONFIGURIEREN","CONFIGURACIÓN GAMEPAD","CONFIGURATION MANETTE","ゲームパッドの設定","STEROWANIE","КОНФИГУРАЦИЯ ГЕЙМПАДА"
"key","en","zh-CN","de","es","fr","ja","pl","ru"
